{
  "lang":"en",
  "name":"pipeline",
  "version":"0.0.0",
  "spacy_version":">=3.8.4,<3.9.0",
  "description":"",
  "author":"",
  "email":"",
  "url":"",
  "license":"",
  "spacy_git_version":"85cc763",
  "vectors":{
    "width":0,
    "vectors":0,
    "keys":0,
    "name":null,
    "mode":"default"
  },
  "labels":{
    "tok2vec":[

    ],
    "ner":[
      "CARDINAL",
      "DATE",
      "EVENT",
      "FAC",
      "GPE",
      "LANGUAGE",
      "LAW",
      "LOC",
      "MONEY",
      "NORP",
      "ORDINAL",
      "ORG",
      "PERCENT",
      "PERSON",
      "PRODUCT",
      "QUANTITY",
      "TIME",
      "WORK_OF_ART"
    ]
  },
  "pipeline":[
    "tok2vec",
    "ner"
  ],
  "components":[
    "tok2vec",
    "ner"
  ],
  "disabled":[

  ],
  "performance":{
    "ents_f":0.8843108741,
    "ents_p":0.8764863675,
    "ents_r":0.8922763399,
    "ents_per_type":{
      "NORP":{
        "p":0.8782970847,
        "r":0.8439306358,
        "f":0.8607709751
      },
      "DATE":{
        "p":0.962582886,
        "r":0.973339719,
        "f":0.9679314177
      },
      "GPE":{
        "p":0.8139158576,
        "r":0.9044438736,
        "f":0.8567952306
      },
      "ORG":{
        "p":0.8340721976,
        "r":0.8262233375,
        "f":0.8301292153
      },
      "EVENT":{
        "p":0.872659176,
        "r":0.8961538462,
        "f":0.8842504744
      },
      "PERSON":{
        "p":0.8205711398,
        "r":0.854923644,
        "f":0.8373952289
      },
      "CARDINAL":{
        "p":0.9193045029,
        "r":0.9238351254,
        "f":0.9215642458
      },
      "FAC":{
        "p":0.8608414239,
        "r":0.7,
        "f":0.7721335269
      },
      "LOC":{
        "p":0.866962306,
        "r":0.8612334802,
        "f":0.8640883978
      },
      "ORDINAL":{
        "p":0.9262166405,
        "r":0.9546925566,
        "f":0.9402390438
      },
      "QUANTITY":{
        "p":0.8987341772,
        "r":0.7802197802,
        "f":0.8352941176
      },
      "PRODUCT":{
        "p":0.7105263158,
        "r":0.4029850746,
        "f":0.5142857143
      },
      "WORK_OF_ART":{
        "p":0.825613079,
        "r":0.8301369863,
        "f":0.8278688525
      },
      "TIME":{
        "p":1.0,
        "r":0.5769230769,
        "f":0.7317073171
      },
      "LAW":{
        "p":0.8620689655,
        "r":0.7352941176,
        "f":0.7936507937
      },
      "LANGUAGE":{
        "p":0.7777777778,
        "r":0.7549019608,
        "f":0.7661691542
      },
      "PERCENT":{
        "p":0.75,
        "r":0.9230769231,
        "f":0.8275862069
      },
      "MONEY":{
        "p":0.6363636364,
        "r":0.5384615385,
        "f":0.5833333333
      }
    },
    "tok2vec_loss":14416.5112672659,
    "ner_loss":2978.7537627117
  }
}