{
  "lang":"en",
  "name":"pipeline",
  "version":"0.0.0",
  "spacy_version":">=3.8.4,<3.9.0",
  "description":"",
  "author":"",
  "email":"",
  "url":"",
  "license":"",
  "spacy_git_version":"85cc763",
  "vectors":{
    "width":0,
    "vectors":0,
    "keys":0,
    "name":null,
    "mode":"default"
  },
  "labels":{
    "tok2vec":[

    ],
    "ner":[
      "CARDINAL",
      "DATE",
      "EVENT",
      "FAC",
      "GPE",
      "LANGUAGE",
      "LAW",
      "LOC",
      "MONEY",
      "NORP",
      "ORDINAL",
      "ORG",
      "PERCENT",
      "PERSON",
      "PRODUCT",
      "QUANTITY",
      "TIME",
      "WORK_OF_ART"
    ]
  },
  "pipeline":[
    "tok2vec",
    "ner"
  ],
  "components":[
    "tok2vec",
    "ner"
  ],
  "disabled":[

  ],
  "performance":{
    "ents_f":0.8851711646,
    "ents_p":0.8840196756,
    "ents_r":0.8863256572,
    "ents_per_type":{
      "NORP":{
        "p":0.8264633141,
        "r":0.8915073366,
        "f":0.8577540107
      },
      "DATE":{
        "p":0.9579277865,
        "r":0.974137931,
        "f":0.9659648567
      },
      "PERSON":{
        "p":0.8775393419,
        "r":0.8075302791,
        "f":0.8410804881
      },
      "ORG":{
        "p":0.8404769578,
        "r":0.8180677541,
        "f":0.8291209665
      },
      "EVENT":{
        "p":0.8518518519,
        "r":0.8846153846,
        "f":0.8679245283
      },
      "CARDINAL":{
        "p":0.9034863946,
        "r":0.9520609319,
        "f":0.9271378709
      },
      "GPE":{
        "p":0.8421182266,
        "r":0.8782430003,
        "f":0.8598013328
      },
      "FAC":{
        "p":0.7554347826,
        "r":0.7315789474,
        "f":0.743315508
      },
      "LOC":{
        "p":0.8659340659,
        "r":0.8678414097,
        "f":0.8668866887
      },
      "ORDINAL":{
        "p":0.9336569579,
        "r":0.9336569579,
        "f":0.9336569579
      },
      "QUANTITY":{
        "p":0.95,
        "r":0.8351648352,
        "f":0.8888888889
      },
      "PRODUCT":{
        "p":0.8064516129,
        "r":0.3731343284,
        "f":0.5102040816
      },
      "WORK_OF_ART":{
        "p":0.8794117647,
        "r":0.8191780822,
        "f":0.8482269504
      },
      "TIME":{
        "p":0.9411764706,
        "r":0.6153846154,
        "f":0.7441860465
      },
      "LAW":{
        "p":0.7777777778,
        "r":0.7205882353,
        "f":0.7480916031
      },
      "LANGUAGE":{
        "p":0.8888888889,
        "r":0.6274509804,
        "f":0.7356321839
      },
      "PERCENT":{
        "p":0.8461538462,
        "r":0.8461538462,
        "f":0.8461538462
      },
      "MONEY":{
        "p":0.6363636364,
        "r":0.5384615385,
        "f":0.5833333333
      }
    },
    "tok2vec_loss":9988.001490447,
    "ner_loss":2895.4828653664
  }
}